resi,wt,mut,coverage,med_ctrl,med_bag6,nons_ctrl,nons_bag6,syno_ctrl,syno_bag6
1,M,IL,2,1.99544416424431,1.99942718556166,NA,NA,NA,NA
2,I,ACDEFGHKLMNPQRSTVWY,19,1.99968730920839,1.99224071071512,1.02849905426617,1.19654998605789,1.97179853273131,1.98829030814159
3,V,ACDEFGHIKLMNPQRSTWY,19,1.98809846639144,1.99665437807017,1.04272646318295,1.11756022559725,1.99854941488147,1.99759433390836
4,F,ACDEGHIKLMNPQRSTVWY,19,1.99969120570899,1.99242058211489,1.12649371703124,1.05065498104926,1.99255494034806,1.99920538499141
5,V,ACDEFGHIKLMNPQRSTWY,19,1.97067560577651,1.99185388986135,1.0757658418662,1.06043174957791,1.9998327514828,1.99567789106337
6,R,ACDEFGHIKLMNPQSTVWY,19,1.99582297808594,1.99263064298411,1.10098804300714,1.24522134465048,1.99776991534414,1.99903990726108
7,F,ACDEGHIKLMNPQRSTVWY,19,1.98921794839273,1.99173945111558,1.0023279924159,1.05130409212271,1.99976007827415,1.99228692277439
8,N,ACDEFGHIKLPQRSTVY,17,1.96340503113736,1.99065284269452,1.04908602587612,1.02494175042856,1.99975783256923,1.99164920717511
9,S,ACDEFGHIKLMNPQRTVWY,19,1.99036364382019,1.99358476822602,1.15959028594495,1.13610845205937,NA,NA
10,S,ACDEFGHIKLMNPQRTVWY,19,1.99415551286349,1.99451899109208,1.11680143298849,1.04953292608019,NA,1.90684169853015
11,H,ACDEFGIKLMNPQRSTVWY,19,1.99360424457791,1.99155299347899,1.19091462955954,1.22512930712419,1.99450734630933,1.99570965070124
12,G,ACDEFHIKLMNPQRSTVWY,19,1.99867809853414,1.99005670786587,1.09396798655964,1.02363437819119,1.99898998643531,1.98635040503346
13,F,ACDEGHIKLMNPQRSTVWY,19,1.99267389394077,1.98668053228095,1.16410081464989,1.43766144766767,1.99285400931533,1.99347857071344
14,P,CDEFGHIKLMNQRSTVWY,18,1.98311933740143,1.99259013369367,1.09658691946657,1.01485318430675,1.99967086924163,1.99319892068289
15,V,ACDEFGHIKLMNPQRSTWY,19,1.63849887227452,1.98457677917866,1.00306588116235,1.27281715186074,1.99647616228154,1.99012473834511
16,E,ACDFGHIKLMNPQRSTVWY,19,1.99800153654523,1.99318661478851,1.25042439437283,1.13260360908334,1.9997981976881,1.99996694131317
17,V,ACDEFGHIKLMNPQRSTWY,19,1.06887957352073,1.92039704894164,1.14316143478235,1.57074961021056,1.9998143705419,1.99689752191041
18,D,ACEFGHIKLMNPQRSTVWY,19,1.99543589631285,1.99233222958391,1.16942256970033,1.27801218600938,1.99987168218287,1.99485784896467
19,S,ACDEFGHIKLMNPQRTVWY,19,1.99798112927126,1.9900731128262,1.16914554685134,1.01306233682455,NA,NA
20,D,ACEFGHIKLMNPQRSTVWY,19,1.99965899248222,1.98733515305678,1.0087341499499,1.00984178300941,1.99619730805679,1.99196456822673
21,T,ACDEFGHIKLMNPQRSVWY,19,1.99662561392639,1.99482343076293,1.02628816079162,1.12719378021056,1.99985123319451,1.99639072608937
22,S,ACDEFGHIKLMNPQRTVWY,19,1.9994214576372,1.99363343961911,1.27907515190018,1.16137090075543,1.99836922572082,1.86381410435889
23,I,ACDEFGHKLMNPQRSTVWY,19,1.04049381747259,1.89862623363453,1.09760768115085,1.01491918117973,1.99130955918204,1.99460695808651
24,F,ACDEGHIKLMNPQRSTVWY,19,1.99425343598513,1.99323527170429,1.0206625970279,1.05225278319103,1.99981145347406,1.99134883567892
25,Q,ACDEFGHIKLMNPRSTVWY,19,1.9994318587527,1.99586371333332,1.04630195758006,1.0530544045271,1.99978341775415,1.98796525072878
26,L,ACDEFGHIKMNPQRSTVWY,19,1.0198177905708,1.44451167706755,1.02185502244839,1.2030882254074,1.99985445481356,1.98985538009614
27,K,ACDEFGHILMNPQRSTVWY,19,1.79525114532704,1.97365581306525,1.10262166286968,1.20867583126039,1.99821280325141,1.98682740170968
28,E,ACDFGHIKLMNPQRSTVWY,19,1.99129997666585,1.99142238982683,1.21462177804517,1.22175166817931,1.99972092259885,1.99992485861452
29,V,ACDEFGHIKLMNPQRSTWY,19,1.99961339875631,1.99043630847063,1.13664839516465,1.3005190178947,1.99763838334851,1.99994750229871
30,V,ACDEFGHIKLMNPQRSTWY,19,1.22916937471044,1.97498339435869,1.06290917966219,1.34727127884717,1.98208248006478,1.99106595559376
31,A,CDEFGHIKLMNPQRSTVWY,19,1.89663091802468,1.98765591662579,1.11608444475627,1.1878608939613,1.99964049521512,1.99156553231068
32,K,ACDEFGHILMNPQRSTVWY,19,1.99797641185261,1.99323587994934,1.07106098863058,1.12020454287604,1.98959532297064,1.99760620308656
33,R,ACDEFGHIKLMNPQSTVWY,19,1.99708174027395,1.98685010378996,1.16449352922722,1.05240873152415,1.99970839280909,1.99116320650979
34,Q,ACDEFGHIKLMNPRSTVWY,19,1.99685309630895,1.9939562999129,1.25011113155541,1.01014021207409,1.99979059590274,1.98562844363068
35,G,ACDEFHIKLMNPQRSTVWY,19,1.99703825544089,1.99153877317159,1.05421558113149,1.02789955664901,1.97905385123694,1.99496804466739
36,V,ACDEFGHIKLMNPQRSTWY,19,1.98025162467157,1.98583736542198,1.01107543671866,1.0164087921278,1.99607573445899,1.99995611498183
37,P,ACDEFGHIKLMNQRSTVWY,19,1.99960953444089,1.9907469724584,1.11269260655389,1.28271911083488,1.99967988375523,1.9858982555981
38,A,CDEFGHIKLMNPQRSTVWY,19,1.9961912720968,1.99225109610099,1.17113431651108,1.27891866298486,1.99551113606522,1.99481329835922
39,D,ACEFGHIKLMNPQRSTVWY,19,1.99600336767204,1.99007612548841,1.03411202800544,1.06334419298656,1.99312555481719,1.9933082462588
40,Q,ACDEFGHIKLMNPRSTVWY,19,1.99531608549614,1.9919213745967,1.14984335243508,1.08159996309476,1.99370532421598,1.9912413567101
41,L,ACDEFGHIKMNPQRSTVWY,19,1.0856101676164,1.94667063015531,1.04342848621028,1.02432916824808,1.9997420684554,1.99502900930207
42,R,ACDEFGHIKLMNPQSTVWY,19,1.99952975569409,1.98837879888279,1.1078847383606,1.06126653863378,1.99139602684388,1.9807776777431
43,V,ACDEFGHIKLMNPQRSTWY,19,1.05040278945386,1.78678370716609,1.25499208422234,1.00990313341762,1.98142993654153,1.98721664398282
44,I,ACDEFGHKLMNPQRSTVWY,19,1.9908602794535,1.9916841635368,1.14435118987958,1.00901170712103,1.9998566505609,1.96875970275851
45,F,ACDEGHIKLMNPQRTVWY,18,1.99592115511068,1.99512674439224,1.09075428872345,1.18232814761265,1.99803347071683,1.99202791410056
46,A,CDEFGHIKLMNPQRSTVWY,19,1.99941728113585,1.99321309966191,1.07232061623996,1.02807115588619,1.99971303633232,1.99730699256495
47,G,ACDEFHIKLMNPQRSTVWY,19,1.9605093850033,1.99380049123448,1.07929475844075,1.02341309796964,1.99949474662316,1.99984065162403
48,K,ACDEFGHILMNPQRSTVWY,19,1.98874627349752,1.99369952972952,1.14612513128038,1.12440034727642,1.99972059375501,1.99595871586205
49,E,ACDFGHIKLMNPQRSTVWY,19,1.94606889013124,1.99512441272172,1.15759348799557,1.02077989163298,1.99954819702845,1.99969909171828
50,L,ACDEFGHIKMNPQRSTVWY,19,1.83181651068904,1.97923237980661,1.18362066107102,1.30024553496603,1.99850041005914,1.97451815630472
51,R,ACDEFGHIKLMNPQSTVWY,19,1.99862579488839,1.99237137286352,1.03099563932756,1.04261113305736,1.99894119827412,1.98635085827316
52,N,ACDEFGHIKLMPQRSTVWY,19,1.9631754478022,1.99233209184203,1.00782263877207,1.26964509141353,1.99878202029402,1.99938458650518
53,D,ACEFGHIKLMNPQRSTVWY,19,1.99216398142131,1.98437348517382,1.01322062179646,1.09971648323456,1.99296432380641,1.99051543410935
54,W,ACDEFGHIKLMNPQRSTVY,19,1.99948213694458,1.99055852405955,1.04994538941891,1.07717219402085,NA,NA
55,T,ACDEFGHIKLMNPQRSVWY,19,1.99721915343745,1.99351392805611,1.01795172238336,1.11736322181004,1.99151057922855,1.985914389078
56,V,ACDEFGHIKLMNPQRSTWY,19,1.95892440041909,1.978946359327,1.16773650565278,1.23823177733073,1.99986668993175,1.9835871844465
57,Q,ACDEFGHIKLMNPRSTVWY,19,1.99970784895421,1.99084859756151,1.03480580186979,1.01664135000496,1.99988225721464,1.99678850692145
58,N,ACDEFGHIKLMPQRSTVWY,19,1.99713504213229,1.99489967350816,1.06194901072022,1.14393385186831,1.99625492280676,1.99228659316794
59,C,ADEFGHIKLMNPQRSTVWY,19,1.97363221941186,1.99080135663088,1.05387032525262,1.04200311544579,1.99986942271662,1.99994066468489
60,D,ACEFGHIKLMNPQRSTVWY,19,1.99704884218149,1.99162441472223,1.02531052378524,1.04951173547861,1.99897644536503,1.99523740321834
61,L,ACDEFGHIKMNPQRSTVWY,19,1.92652383717302,1.99312018138554,1.00078246452968,1.07076904210875,1.99870154119005,1.98625026349385
62,D,ACEFGHIKLMNPQRSTVWY,19,1.99953102573559,1.9946060096866,1.02317338074856,1.00626552103453,1.99601260975967,1.97095266102877
63,Q,ACDEFGHIKLMNPRSTVWY,19,1.99971241704796,1.99265100750158,1.04095809826474,1.00724407361624,1.96209562504984,1.9878741897604
64,Q,ACDEFGHIKLMNPRSTVWY,19,1.99853833533483,1.99090400363838,1.01871333075622,1.03255072562217,1.99982450020919,1.98997589904972
65,S,ACDEFGHIKLMNPQRTVWY,19,1.98958771519375,1.99335915271279,1.02365529227579,1.02578405211005,NA,NA
66,I,ACDEFGHKLMNPQRSTVWY,19,1.99325502657947,1.98832284970439,1.03098290353537,1.03035827132965,1.99964569130078,1.99534240029744
67,V,ACDEFGHIKLMNPQRSTWY,19,1.0534528007338,1.94613260340923,1.06124611929628,1.01648386250109,1.99689359442838,1.97488878387644
68,H,ACDEFGIKLMNPQRSTVWY,19,1.9775474507044,1.99133574527376,1.02156335868678,1.10861665726225,1.9983202559473,1.98938261262081
69,I,ACDEFGHKLMNPQRSTVWY,19,1.12990255502698,1.94327109037053,1.02365322833063,1.03628904877962,1.99964970030491,1.996704884923
70,V,ACDEFGHIKLMNPQRSTWY,19,1.97772587967382,1.99199516460661,1.01458073988823,1.03841886329438,1.99564314699119,1.9988581119499
71,Q,ACDEFGHIKLMNPRSTVWY,19,1.99721354140984,1.98764883739505,1.15540602437789,1.78629006812909,1.9984851398756,1.97997808163968
72,R,ACDEFGHIKLMNPQSTVWY,19,1.99917022108737,1.9897343446408,1.97496105307886,1.99005546846625,1.99213861934971,NA
73,P,ACDEFGHIKLMNQRSTVWY,19,1.99893455314283,1.99954051830216,1.86533297029235,1.99923252744828,1.99871078369184,1.99941979546087
74,W,ACDEFGHIKLMNPQRSTVY,19,1.99941334955518,1.99418410785649,1.98246125145264,1.97140207525363,NA,NA
75,R,ACDEFGHIKLMNPQSTVWY,19,1.99952918323843,1.99268348015313,1.97385374270149,1.98027737336547,1.99732177497162,1.99175438908003
76,K,ACDEFGHILMNPQRSTVWY,19,1.99961245163014,1.99261786880507,1.59842069260757,1.91848673743252,1.96164035476881,1.99994436481113
77,G,ACDEFHIKLMNPQRSTVWY,19,1.9996719704334,1.99360798417111,1.98215873879263,1.98010832054419,1.99935518264595,1.98358064215396
78,Q,ACDEFGHIKLMNPRSTVWY,19,1.9995370472934,1.98963251919047,1.23504227085707,1.1434427092724,1.99974079480778,1.99986666884406
79,E,ACDFGHIKLMNPQRSTVWY,19,1.99758510593752,1.99397459352308,1.93466659748811,1.95812948762364,1.99972688786607,1.99993700670433
80,M,ACDEFGHIKLNPQRSTVWY,19,1.99922590855485,1.99104090498073,1.98757783413546,1.95559887495392,NA,NA
81,N,ACDEFGHIKLMPQRSTVWY,19,1.99974717489866,1.99520083959641,1.9722177091019,1.99228198375015,1.99626521328669,1.99380111444773
82,A,CDEFGHIKLMNPQRSTVWY,19,1.99967611802875,1.99561418383288,1.99162341772234,1.99396376345521,1.99964657822421,1.99735697830697
83,T,ACDEFGHIKLMNPQRSVWY,19,1.9970037095376,1.99179850518529,1.95471803938123,1.99537190574892,1.999823185342,1.9836939637261
84,G,ACDEFHIKLMNPQRSTVWY,19,1.99833174784947,1.99078068797465,1.66527613081789,1.87661839846173,1.99981756309069,1.9983517352575
85,G,ACDEFHIKLMNPQRSTVWY,19,1.99963499709127,1.99475379500802,1.87493331026116,1.99914740844546,1.99545245223507,1.98479199896329
86,D,ACEFGHIKLMNPQRSTVWY,19,1.9995186790167,1.99111570876388,1.20428183692199,1.03332139471442,1.9940150271128,1.99584006777169
87,D,ACEFGHIKLMNPQRSTVWY,19,1.99972837754082,1.99376648797068,1.99121761962692,1.96644135223593,1.99531010037589,1.99990041133948
88,P,ACDEFGHIKLMNQRSTVWY,19,1.99964456411099,1.99079799275043,1.99259091159351,1.96246322708821,1.99989478761173,1.9974191003672
89,R,ACDEFGHIKLMNPQSTVWY,19,1.99731379318161,1.98967619857111,1.95902163126763,1.82571219717248,1.99977108018644,1.99071902717495
90,N,ACDEFGHIKLMPQRSTVWY,19,1.99950838694356,1.99039494472611,1.944424459194,1.96714632273815,1.99972384465222,1.98262920790295
91,A,CDEFGHIKLMNPQRSTVWY,19,1.99958582065576,1.99253225144649,1.98733531669488,1.99052453492006,1.99968771850529,1.99435847828068
92,A,CDEFGHIKLMNPQRSTVWY,19,1.99953821016454,1.99289693557221,1.98644114764922,1.98451542772358,1.99658320818726,1.98646071007531
93,G,ACDEFHIKLMNPQRSTVWY,19,1.99958136534451,1.98546049406515,1.68548850612705,1.94681128270365,1.99940278568626,1.99960488978942
94,G,ACDEFHIKLMNPQRSTVWY,19,1.99922481553134,1.99250381855051,1.05414806722699,1.36380740812466,1.98265915476461,1.98107298066331
95,C,ADEFGHIKLMNPQRSTVWY,19,1.99936880835604,1.99711351239819,1.00466368978504,1.35228938558432,1.99957378429033,1.97542720869249
96,E,ACDFGHIKLMNPQRSTVWY,19,1.99973327591049,1.99040967022102,1.98695454625702,1.97392467259078,1.9998345105744,1.99747370441
97,R,ACDEFGHIKLMNPQSTVWY,19,1.99960787954575,1.99474909711738,1.99346508636389,1.99424946902393,1.99936975551587,1.98555449605758
98,E,ACDFGHIKLMNPQRSTVWY,19,1.99961684318199,1.99730020872778,1.84086811629673,1.97129838243345,1.99978553503346,1.99743814040869
99,P,ACDEFGHIKLMNQRSTVWY,19,1.99939417990629,1.99353660062887,1.99750663596993,1.9869443469722,1.99975663879545,1.98869157516556
100,Q,ACDEFGHIKLMNPRSTVWY,19,1.99877962504535,1.99148433156322,1.06399821082966,1.42228582808005,1.9993246761855,1.99907287017661
101,S,ACDEFGHIKLMNPQRTVWY,19,1.99867948839686,1.99467530054719,1.99974311731398,1.98852374367885,NA,NA
102,L,ACDEFGHIKMNPQRSTVWY,19,1.99975004965608,1.99222529246307,1.99195811146721,1.99043223281918,1.99983292351768,1.98372792820921
103,T,ACDEFGHIKLMNPQRSVWY,19,1.99670340911928,1.98968041219765,1.99981292277344,1.98506489268095,1.99810834456224,1.98265486333299
104,R,ACDEFGHIKLMNPQSTVWY,19,1.99968486480454,1.99420749140066,1.887051971915,1.88027449609249,1.99213819359233,1.98856586386277
105,V,ACDEFGHIKLMNPQRSTWY,19,1.99968298804746,1.99139381461695,1.96592436682049,1.99983387555153,1.98949115429003,1.99851027681684
106,D,ACEFGHIKLMNPQRSTVWY,19,1.99881688875381,1.9916061705833,1.99150046257148,1.98525050080405,1.99981911049836,1.99588211147812
107,L,ACDEFGHIKMNPQRSTVWY,19,1.99961155176237,1.9965527476017,1.93199894520015,1.97958907698422,1.99976152558875,1.99992109032748
108,S,ACDEFGHIKLNPQRTVY,17,1.99669559654165,1.98664381492306,1.98501948621857,1.95566826654304,NA,NA
109,S,ACDEFGHIKLMNPQRTVWY,19,1.99375844748406,1.99118521344283,1.98935015716272,1.9912945743337,NA,NA
110,S,ACDEFGHIKLMNPQRTVWY,19,1.9996113883707,1.99172474663321,1.9961385976738,1.99056633050946,NA,NA
111,V,ACDEFGHIKLMNPQRSTWY,19,1.99967568087767,1.99140009062527,1.98987024883972,1.99733082752898,1.99974277061164,1.99376071268752
112,L,ACDEFGHIKMNPQRSTVWY,19,1.99953424769282,1.99730625530762,1.73491034496595,1.98132018586823,1.99976690993149,1.98424377335007
113,P,ACDEFGHIKLMNQRSTVWY,19,1.99960728309296,1.99123423998581,1.6770650478505,1.96980176869264,1.99413760844579,1.98696829339857
114,G,ACDEFHIKLMNPQRSTVWY,19,1.99629176912201,1.98872166938295,1.92535056416925,1.90287937457579,1.99988032575437,1.99409804681562
115,D,CEFIKLMNQRTVWY,14,1.99841134306588,1.99939471234814,1.1840042184987,1.36313503229687,1.99517039994718,1.91716232896389
116,S,ACDEFGHIKLMNPRTVWY,18,1.99873038958013,1.99949075179255,1.70845000496712,1.92096377670221,NA,1.99927370012063
117,V,ACDEFGHIKLMNPQRSTWY,19,1.99930927458952,1.99950497621258,1.61644377266052,1.91690165857848,1.99943440551453,1.99990612814752
118,G,ACDEFHIKLMNPQRSTVWY,19,1.9990876109399,1.99391670600615,1.97338708332956,1.9998373726587,1.99977922379876,1.99266193205135
119,L,ACDEFGHIKMNPQRSTVWY,19,1.99934540635178,1.99460639904325,1.24543622637939,1.07937410785615,1.99969830468608,1.98347935553803
120,A,CDEFGHIKLMNPQRSTVWY,19,1.99833174720811,1.99454741360589,1.98887581230968,1.96698291529221,1.99980732780959,1.99007234775164
121,V,ACDEFGHIKLMNPQRSTWY,19,1.99963021790581,1.99889599783946,1.06859456408894,1.42710325086315,1.90640229385698,1.82921803594353
122,I,ACDEFGHKLMNPQRSTVWY,19,1.99922963034427,1.9942585694484,1.04426791904403,1.08907095120131,1.99981482466878,1.98965279813341
123,L,ACDEFGHIKMNPQRSTVWY,19,1.9981684827732,1.99235408815512,1.00077614920712,1.01852608584184,1.99977313394619,1.99348202103296
124,H,ACDEFGIKLMNPQRSTVWY,19,1.99396480756106,1.99299935035725,1.05744059326168,1.09865569319519,1.99956482810077,1.99986277234036
125,T,ACDEFGHIKLMNPQRSVWY,19,1.99928871032635,1.99358364043731,1.07138483863578,1.10434796920859,1.99979095933088,1.99172000037155
126,D,ACEFGHIKLMNPQRSTVWY,19,1.99692469916531,1.98856047740274,1.05495347998687,1.01231740865743,1.99959270565371,1.9998980658127
127,S,ACDEFGHIKLMNPQRTVWY,19,1.99878279857794,1.98742068208457,1.06220170787945,1.71952252106521,1.99668576677134,1.99893383096922
128,R,ACDEFGHIKLMNPQSTVWY,19,1.99684600678649,1.99175522583389,1.07588283300314,1.85298552121533,1.999762821959,1.99710221951729
129,K,ACDEFGHILMNPQRSTVWY,19,1.99972647544264,1.99049214616746,1.16240083842521,1.74790619120049,1.96650352238647,1.99683042299594
130,D,ACEFGHIKLMNPQRSTVWY,19,1.99912427789418,1.99244857745066,1.76264838614169,1.95702801617109,1.99966979438494,1.97488213024624
131,S,ACDEFGHIKLMNPQRTVWY,19,1.99798712417051,1.9885115993385,1.26731350826651,1.9724555305032,NA,NA
132,P,ACDEFGHIKLMNQRSTVWY,19,1.99795934107194,1.99322248394204,1.88649851912949,1.96004045698763,1.99976867025006,1.99383568153894
133,P,ACDEFGHIKLMNQRSTVWY,19,1.99973934972587,1.99298047968129,1.67493384611189,1.80964633409036,1.99968140267049,1.9910716747489
134,A,CDEFGHIKLMNPQRSTVWY,19,1.99974752833705,1.99063128421258,1.72190222899819,1.49455719678146,1.99976252324552,1.99188063348219
135,G,ACDEFHIKLMNPQRSTVWY,19,1.99956317533171,1.99287792245032,1.93379628114312,1.9005568389986,1.99969558176694,1.99886412712034
136,S,ACDEFGHIKLMNPQRTVWY,19,1.99893554419213,1.99946885341035,1.21506767523969,1.16930576176914,NA,NA
137,P,ACDEFGHIKLMNQRSTVWY,19,1.99973571922506,1.99320618435723,1.43304502153376,1.37110183531849,1.98514652144375,1.99967267594534
138,A,CDEFGHIKLMNPQRSTVWY,19,1.99918819619205,1.99694188158405,1.86431634300936,1.94042758986214,1.99976187778106,1.99040578248019
139,G,ACDEFHIKLMNPQRSTVWY,19,1.99886968988893,1.99390494503086,1.18755317391012,1.28854284474148,1.99964795006509,1.99777848919966
140,R,ADEFGHIKLMNPQSTVWY,18,1.9992848707544,1.99347269865213,1.00502443427112,1.27111069921685,NA,NA
141,S,ACDEFGHIKLMNPQRTVWY,19,1.99888462075764,1.99947321264163,1.92949613496971,1.85590971678334,NA,NA
142,I,ACDEFGHKLMNPQRSTVWY,19,1.99909132889175,1.99269368481518,1.72038486946415,1.99978485113072,1.99960847930197,1.99990439006859
143,Y,ACDEFGHIKLMNPQRSTVW,19,1.99838093985654,1.99882733909162,1.8908942083334,1.99980464472529,1.99830580870112,1.99990176513658
144,N,ACDEFGHIKLMPQRSTVWY,19,1.99332015606998,1.99257678892224,1.67001150234325,1.96486206795552,1.99973179436199,1.98857877894186
145,S,ACDEFGHIKLMNPQRTVWY,19,1.98668614850447,1.99506896215574,1.89804508569929,1.99609676388244,NA,NA
146,F,ACDEGHIKLMNPQRSTVWY,19,1.79197782610959,1.98608407707357,1.76138329963474,1.96815794518456,1.99985906077496,1.99538787177571
147,Y,ACDEFGHIKLMNPQRSTVW,19,1.71946987210067,1.97333228388395,1.49463633201185,1.97310652567284,1.99982912087163,1.99621226083296
148,V,ACDEFGHIKLMNPQRSTWY,19,1.10798376135322,1.92602685560234,1.06727941164835,1.822120081639,1.99981157007646,1.99386507546778
149,Y,ACDEFGHIKLMNPQRSTVW,19,1.90443337782044,1.99075812520738,1.1127516057563,1.25074671929605,1.99971765571025,1.984121226805
150,C,ADEFGHIKLMNPQRSTVWY,19,1.0367278299661,1.84737572238002,1.00067482988302,1.05019407108201,1.99982354545881,1.98487139194759
151,K,ACDEFGHILMNPQRSTVWY,19,1.99685927065084,1.9918345207377,1.03287475316695,1.01631040797437,1.99964807110147,1.98574043274389
152,G,ACDEFHIKLMNPQRSTVWY,19,1.99934286064663,1.99400269739811,1.05906721299509,1.133785891867,1.99970156163234,1.97080682137416
153,P,ACDEFGHIKLMNQRSTVWY,19,1.99954965348576,1.98496084774073,1.2216151033626,1.41850667632384,1.99971779155704,1.99399529221791
154,C,ADEFGHIKLMNPQRSTVWY,19,1.03515908467226,1.95448963191971,1.10394501608873,1.1862864209806,1.99934894471802,1.98818406789603
155,Q,CDEFGHIKLMNRSVWY,16,1.99735443561344,1.99035037643558,1.0545757867563,1.45724471288341,1.99989253304417,1.99562449829985
156,R,ACDEFGHIKLMNPQSTVWY,19,1.99492054639108,1.99528494506437,1.10171444170432,1.06569699500981,NA,NA
157,V,ACDEFGHIKLMNPQRSTWY,19,1.96276533549652,1.98934674250144,1.1456540787564,1.18052810883875,1.97918500747279,1.99990674696383
158,Q,ACDEFGHIKLMNPRSTVWY,19,1.99542238473367,1.99181729436676,1.0715616886561,1.08433387420694,1.99984104408385,1.98852444441522
159,P,ACDEFGHIKLMNQRSTVWY,19,1.99222307334205,1.98941186157372,1.02637306172789,1.03002587413767,1.99924658922798,1.99973732015132
160,G,ACDEFHIKLMNPQRSTVWY,19,1.0306247259539,1.88000706605579,1.02482286625064,1.13482589377393,1.99587816202491,1.98951691947679
161,K,ACDEFGHILMNPQRSTVWY,19,1.99859585520538,1.998665988995,1.28253480742363,1.33760877675983,1.99955406353854,1.99983132855997
162,L,ACDEFGHIKMNPQRSTVWY,19,1.06378296168265,1.91196032955021,1.1264027782109,1.12153074784629,1.98903399767246,1.99788389242053
163,R,ACDEFGIKLMNPSTVWY,17,1.99934760152892,1.98801952549057,1.11018780951756,1.17678883645344,1.99952790351774,1.99541471897338
164,V,ACDEFGHIKLMNPQRSTWY,19,1.98677076467871,1.98840462447878,1.1393408768565,1.0429961531013,1.9998405501529,1.9906480192086
165,Q,ACDEFGHIKLMNPRSTVWY,19,1.99893248322616,1.99462771253798,1.06978694050249,1.10655087729765,1.98361494552601,1.98394769459702
166,C,ADEFGHIKLMNPQRSTVWY,19,1.02566180162814,1.89279201760362,1.13067484832839,1.27929624236037,1.99868052698379,1.99428057143726
167,S,ACDEFGHIKLMNPQRTVWY,19,1.99408487898312,1.98583928512689,1.02088365260801,1.09236820660076,NA,NA
168,T,ACDEFGHIKLMNPQRSVWY,19,1.9969448819582,1.99533858277101,1.04257271598538,1.14345648506476,1.99983368611991,1.99857337104681
169,C,ADEFGHIKLMNPQRSTVWY,19,1.01527662120047,1.89316601634627,1.0046078836009,1.01327719918028,1.99923148646922,1.99986381631528
170,R,ACDEFGHIKLMNPQSTVWY,19,1.99429437985239,1.99443469276554,1.05134304367689,1.09237015667818,1.99954342264849,1.95066557506198
171,Q,ACDEFGHIKLMNPRSTVWY,19,1.99546619838479,1.9981562933053,1.05441777709467,1.14237072873646,1.82721629430009,1.81671341217529
172,A,CDEFGHIKLMNPQRSTVWY,19,1.99957168228706,1.99276544757866,1.13498269102027,1.03531407319256,1.99899833559382,1.9999066120415
173,T,ACDEFGHIKMNPQRSVWY,18,1.99947137904033,1.99127266845036,1.03369544092789,1.06993201830779,1.96716900312982,1.99994299973896
174,L,ACDEFGHIKMNPQRSTVWY,19,1.93459955420815,1.98556192324206,1.35853700066978,1.00786866733734,1.99984378235925,1.99106875238808
175,T,ACDEFGHIKLMNPQRSVWY,19,1.99914323427153,1.99534961577327,1.05566858689296,1.00714206003035,1.999654812395,1.99986718970407
176,L,ACDEFGHIKMNPQRSTVWY,19,1.9415470957802,1.99217268923618,1.24109408535644,1.20203719454905,1.99970169677266,1.99742714465758
177,T,ACDEFGHIKLMNPQRSVWY,19,1.99940003068768,1.98993367637826,1.05435105928369,1.02446751805099,1.99596852260764,1.98406000795625
178,Q,ACDEFGHIKLMNPRSTVWY,19,1.99948123427481,1.9967537707803,1.29071499920587,1.36089034395087,1.99895086158852,1.99994116234869
179,G,ACDEFHIKLMNPQRSTVWY,19,1.98460980657116,1.9959774769577,1.14605324735831,1.16715543503681,1.99947914368427,1.96117008712586
180,P,ACDEFGHIKLMNQRSTVWY,19,1.0378160869521,1.87307060016209,1.28640084047983,1.55128152610115,1.99914906052834,1.97651505481597
181,S,ACDEFGHIKLMNPQRTVWY,19,1.99611125481096,1.99089431666162,1.2072288665708,1.16349830078085,1.66091331086209,1.99961597392421
182,C,ADEFGHIKLMNPQRSTVWY,19,1.99235478694971,1.99513311972911,1.30541976965479,1.31578297591151,1.99808800456885,1.99799519328402
183,W,ACDEFGHIKLMNPQRSTVY,19,1.04871995872458,1.96449167993748,1.03428210560567,1.04296672250898,NA,NA
184,D,ACEFGHIKLMNPQRSTVWY,19,1.99403311817124,1.98806609406547,1.28947098724612,1.21443321196992,1.99975515378465,1.99359601442084
185,D,ACEFGHIKLMNPQRSTVWY,19,1.10034227799575,1.8897201124917,1.02270307929548,1.07178818606521,1.99977357736208,1.99992617212953
186,V,ACDEFGHIKLMNPQRSTWY,19,1.03352533700341,1.89591086735682,1.04060272135542,1.08316094613909,1.99606746933941,1.99832274632821
187,L,ACDEFGHIKMNPQRSTVWY,19,1.98011398386376,1.99016879564618,1.25414568295845,1.22679860581227,1.98946849258827,1.99900456368388
188,I,ACDEFGHKLMNPQRSTVWY,19,1.9988011063035,1.99503682017361,1.09553790444786,1.05104223216537,1.9971280497868,1.99854760655599
189,P,ACDEFGHIKLMNQRSTVWY,19,1.99158114380446,1.99011394151891,1.00679475213952,1.07920337716341,1.99978760253811,1.98307235618695
190,N,ACDEFGHIKLMPQRSTVWY,19,1.99634681929685,1.98851863114005,1.13519106433345,1.19304294670066,1.97716748966072,1.98951815884134
191,R,ACDEFGHIKLMNPQSTVWY,19,1.99685976357219,1.99796749954801,1.08644932487899,1.19115453948235,1.99911594829925,1.99520439986746
192,M,ADEFGHIKLNPQRSTVWY,18,1.98341735450265,1.99912811094154,1.2232576264389,1.21089764773982,NA,NA
193,S,ACDEFGHIKLMNPQRTVWY,19,1.99595701980493,1.99191145642016,1.11431816153942,1.046335962316,NA,NA
194,G,ACDEFHIKLMNPQRSTVWY,19,1.93661770851747,1.98734101032363,1.06195968767283,1.22705136620975,1.997772096385,1.98997260917847
195,E,ACDFGHIKLMNPQRSTVWY,19,1.99855130778655,1.99340410452929,1.22550473547799,1.31514643020438,1.99690112261493,1.99520389286374
196,C,ADEFGHIKLMNPQRSTVWY,19,1.02500212383719,1.90176508624701,1.24708498678428,1.1073553800893,1.98911046660389,1.98906913841904
197,Q,ACDEFGHIKLMNPRSTVWY,19,1.99963038320912,1.98817254214794,1.20789784695863,1.22320107314319,1.99973862041011,1.99622684799605
198,S,ACDEFGHIKLMNPQRTVWY,19,1.99946021667094,1.9936695961298,1.1247079360631,1.11717204536525,NA,NA
199,P,ACDEFGHIKLMNQRSTVWY,19,1.99922789370671,1.99948305727846,1.38781058040515,1.16756485333986,1.99654833508121,1.9883577361391
200,H,ACDEFGIKLMNPQRSTVWY,19,1.99922521209674,1.9900612278235,1.30507548019966,1.18290829837737,1.99980634949009,1.99529985445143
201,C,ADEFGHIKLMNPQRSTVWY,19,1.07220997764423,1.96092862492605,1.14871034864671,1.04940273906135,1.99966287524814,1.99833822061765
202,P,ACDEFGHIKLMNQRSTVWY,19,1.99472122289024,1.99274464670258,1.10174855171917,1.07539453782578,1.99975576869506,1.98983571232355
203,G,ACDEFHIKLMNPQRSTVWY,19,1.84780620899581,1.98606308146061,1.13422295846985,1.19278411285413,1.99977297741791,1.98560409873624
204,T,ACDEFGHIKLMNPQRSVWY,19,1.99660314978332,1.99167140934687,1.21573231147061,1.03345587543251,1.99780945823624,1.98911305371426
205,S,ACDEFGHIKLMNPQRTVWY,19,1.99632507695104,1.99431458104454,1.18474795357229,1.08222088409408,1.99691479138695,1.99971656597758
206,A,CDEFGHIKLMNPQRSTVWY,19,1.87737627877282,1.97944819974947,1.15361792634477,1.1163351677736,1.99982714186745,1.99790556080233
207,E,ACDFGHIKLMNPQRSTVWY,19,1.99703960944728,1.99677369867909,1.00140136729745,1.01163730177784,NA,NA
208,F,ACDEGHIKLMNPQRSTVWY,19,1.87560421143555,1.98966594499006,1.10344736421249,1.1797906269164,1.9997817268485,1.98144935495384
209,F,ACDEGHIKLMNPQRSTVWY,19,1.99719999788285,1.9939194925782,1.11280398545108,1.10064755329838,1.9896140322228,1.98832927594223
210,F,ACDEGHIKLMNPQRSTVWY,19,1.63779292132251,1.98470783086989,1.05112364922058,1.09428047350834,1.99955186035207,1.99575947178916
211,K,ACDEFGHILMNPQRSTVWY,19,1.99703048935373,1.99382099666231,1.09455979858056,1.13720499295491,1.973844814323,1.99170312584023
212,C,ADEFGHIKLMNPQRSTVWY,19,1.02225763503967,1.83290306226284,1.14610126809155,1.41174474318251,1.99806979229956,1.99992755663898
213,G,ACDEFHIKLMNPQRSTVWY,19,1.99532031640401,1.99173107190968,1.15235639052143,1.03198352311731,1.99978709412233,1.98578051059728
214,A,CDEFGHIKLMNPQRSTVWY,19,1.99966008455538,1.99447480582886,1.26209276177701,1.02050864286599,1.99979829857719,1.99048454322507
215,H,ACDEFGIKLMNPQRSTVWY,19,1.26290213326212,1.98379245909212,1.04696684861377,1.07482610493883,1.99959048617023,1.99984918336975
216,P,CDEFGHIKLMNQRSTVWY,18,1.99953274419556,1.99318429551029,1.06751288889183,1.06768328062282,1.99979399438216,1.98861098104784
217,T,ACDEFGHIKLMNPQRSVWY,19,1.99728938401687,1.99323335482244,1.20151391887966,1.06675223759551,1.98769694469216,1.99761865509782
218,S,ACDEFGHIKLMNPQRTVWY,19,1.99772881873882,1.99346833337438,1.47984584391254,1.19399240192068,1.99810241754642,1.99949423658953
219,D,ACEFGHIKLMNPQRSTVWY,19,1.99956218076298,1.99095279039483,1.32997878888172,1.1145920069966,1.99953912568688,1.99986486639914
220,K,ACDEFGHILMNPQRSTVWY,19,1.99772525262278,1.99415029213156,1.17422518788744,1.26036728403667,1.9975835399101,1.99995256298853
221,E,ACDFGHIKLMNPQRSTVWY,19,1.99918046785568,1.98901459017102,1.32224974545701,1.2478208146503,1.98443344593806,1.97845157091984
222,T,ACDEFGHIKLMNPQRSVWY,19,1.99973442918248,1.98819894966268,1.06246252879852,1.19211403091255,1.98648038274874,1.97682791184016
223,S,ACDEFGHIKLMNPQRTVWY,19,1.99722584208423,1.99347302314221,1.13106786670208,1.09098113714246,NA,NA
224,V,ACDEFGHIKLMNPQRSTWY,19,1.99688018687315,1.98989397618833,1.1849063866662,1.18341100489738,1.99971489616506,1.9952014931017
225,A,CDEFGHIKLMNPQRSTVWY,19,1.96673340521599,1.99142963963379,1.01752625623918,1.28891431546869,1.99961110687303,1.99666898111805
226,L,ACDEFGHIKMNPQRSTVWY,19,1.16341275840647,1.96676706038343,1.11939953117854,1.1866289438417,1.99975423689708,1.99632698987121
227,H,ACDEFGIKLMNPQRSTVWY,19,1.99932268447983,1.99226025412203,1.00407793077032,1.34091365349056,1.99980956034353,1.98350965877465
228,L,ACDEFGHIKMNPQRSTVWY,19,1.97795332392645,1.99160998456336,1.05127633721005,1.2441945839878,1.9998212155985,1.99249888819639
229,I,ACDEFGHKLMNPRSTVWY,18,1.10913117871177,1.98802345749842,1.00138581469951,1.0100824951365,1.99965791617273,1.98358767775865
230,A,CDEFGHIKLMNPQRSTVWY,19,1.99880563763914,1.98691273408269,1.089129111063,1.23877534589489,1.99979739673277,1.99644697097324
231,T,ACDEFGHIKLMNPQRSVWY,19,1.99600427375641,1.99178804450344,1.05016680859478,1.03296795784811,1.99807898979486,1.99205738209284
232,N,ACDEFGHIKLMPQRSTVWY,19,1.02140301178052,1.92504066397584,1.38355826601238,1.01425532630324,1.9998637988785,1.99576096801882
233,S,ACDEFGHIKLMNPQRTVWY,19,1.99908352973436,1.98692239511958,1.15529575874824,1.00872737371667,NA,NA
234,R,ACDEFGHIKLMNPQSTVWY,19,1.9935531117836,1.99201600134001,1.1475450515655,1.21683943651048,1.9997439181091,1.99471389792992
235,N,ACDEFGHIKLMPQRSTVWY,19,1.99628693410273,1.99217725572658,1.21080415237698,1.04442371239517,1.9928740491208,1.98888739067956
236,I,ACDEFGHKLMNPQRSTVWY,19,1.98201612089336,1.98810598048405,1.13584244292187,1.16442957917951,1.99956234059674,1.98213866249209
237,T,ACDEFGHIKLMNPQRSVWY,19,1.99951514448172,1.99364856576752,1.16456310342435,1.28872281688579,1.99966044932481,1.9930458863665
238,C,ADEFGHIKLMNPQRSTVWY,19,1.02633827191303,1.9342306135095,1.14413619770913,1.2513502531027,1.99981645071092,1.99390753301642
239,I,ACDEFGHKLMNPQRSTVWY,19,1.9180179868395,1.98477300261804,1.09774994664792,1.00672401091028,1.98160583094548,1.98297889875087
240,T,ACDEFGHIKLMNPQRSVWY,19,1.99957052426478,1.99101886521741,1.0689529000697,1.32347754885267,1.99964247753647,1.99157773353712
241,C,ADEFGHIKLMNPQRSTVWY,19,1.03844679158249,1.92741440685552,1.42456943096429,1.18132341057965,1.98222765437185,1.9999342809499
242,T,ACDEFGHIKLMNPQRSVWY,19,1.99665412217005,1.99738689389118,1.20416667719795,1.23963015790553,1.9973466383273,1.97844683249276
243,D,ACEFGHIKLMNPQRSTVWY,19,1.99421801241738,1.99367806370761,1.19832233515946,1.45596326814775,1.99962232224025,1.99985024415762
244,V,ACDEFGHIKLMNPQRSTWY,19,1.98551644070954,1.99268280402822,1.09167942084017,1.34559607510169,1.99982339089345,1.99398921141194
245,R,ACDEFGHIKLMNPQSTVWY,19,1.99618013021823,1.99231638367333,1.32776549105823,1.15818158620008,1.99826747414001,1.99888104048613
246,S,ACDEFGHIKLMNPQRTVWY,19,1.92160384715429,1.9919962458267,1.32931574092847,1.22432430284485,NA,NA
247,P,ACDEFGHIKLMNQRSTVWY,19,1.9807599754018,1.98796173654547,1.2804885216601,1.30673127890923,1.99971471240745,1.99664254657059
248,V,ACDEFGHIKLMNPQRSTWY,19,1.09817548287889,1.96075589100006,1.27323294436712,1.39483311240563,1.99908374608996,1.99424933719125
249,L,ACDEFGHIKMNPQRSTVWY,19,1.05721500944282,1.95470948749526,1.35791210720538,1.10139520982244,1.99977084981869,1.96457033516222
250,V,ACDEFGHIKLMNPQRSTWY,19,1.91855715960581,1.98873126674714,1.0019274186957,1.25639938781594,1.98667234432536,1.99461802890892
251,F,ACDEGIKLMNPRSTVWY,17,1.20463066603249,1.97401566380153,1.16868354977378,1.14929419232707,1.99982562674176,1.97897878615812
252,Q,ACDEFGHIKLMNPRSTVWY,19,1.99542961628567,1.99430337956973,1.01986090897133,1.017742526672,1.97017608962834,1.9944708523604
253,C,ADEFGHIKLMNPQRSTVWY,19,1.03061555991195,1.91518810772268,1.003248796821,1.31105021524323,1.99982077457067,1.99994260670306
254,N,ACDEFGHIKLMPQRSTVWY,19,1.99966855877481,1.9918902100762,1.10638768198308,1.21645894495025,1.99985425917021,1.98242443578194
255,S,ACDEFGHIKLMNQRVWY,17,1.99918683251011,1.99086028258511,1.16221360641012,1.24699577693648,NA,NA
256,R,ACDEFGHIKLMNPQSTVWY,19,1.96579314799308,1.99341938968929,1.17138855559075,1.03035372057025,1.99613037729451,1.99790725276677
257,H,ACDEFGIKLMNPQRSTVWY,19,1.0279181057139,1.90067848382885,1.00166149890564,1.10325058476285,1.99670353661205,1.99983072449876
258,V,ACDEFGHIKLMNPQRSTWY,19,1.57373878755423,1.98382682113483,1.23183628486371,1.40701251579766,1.99921074594487,1.98327652794936
259,I,ACDEFGHKLMNPQRSTVWY,19,1.43815446659669,1.98490441930236,1.00514063312784,1.36099251484005,1.99969158297172,1.99985102366587
260,C,ADEFGHIKLMNPQRSTVWY,19,1.02620455561948,1.96290114671887,1.0646103916494,1.13300979878257,1.99717099944014,1.9949634459047
261,L,ACDEFGHIKMNPQRSTVWY,19,1.92065811632523,1.9947117707837,1.30656331145252,1.35322992291657,1.99981691464903,1.9510036586781
262,D,ACEFGHIKLMNPQRSTVWY,19,1.99093023550206,1.99667313505994,1.25358858788876,1.22796190222536,1.99741842749833,1.98421404524293
263,C,ADEFGHIKLMNPQRSTVWY,19,1.02353432888297,1.96051410565539,1.17551827288552,1.21680765109804,1.9996736188549,1.98908984630463
264,F,ACDEGHIKLMNPQRSTVWY,19,1.04405867196152,1.93966122335645,1.02807084364105,1.04695950160674,1.9827058632462,1.98922737987951
265,H,ACDEFGIKLMNPQRSTVWY,19,1.99730460562446,1.99182190336069,1.00567500458616,1.23708634897719,1.9996840752602,1.99105646852508
266,L,ACDEFGHIKMNPQRSTVWY,19,1.99745748746145,1.99159096809667,1.12851811309069,1.00750204255025,1.99986924067445,1.95356455226837
267,Y,ACDEFGHIKLMNPQRSTVW,19,1.90023809989279,1.98592110504401,1.19223027681885,1.25717750261607,1.99973828625891,1.99198500316477
268,C,ADEFGHIKLMNPQRSTVWY,19,1.61094202588982,1.98814004588188,1.15369962296748,1.18945624739194,1.99981296610557,1.98946261311806
269,V,ACDEFGHIKLMNPQRSTWY,19,1.9895319577677,1.99412297426697,1.07299429049057,1.06138135481172,1.99400282499034,1.98102377187294
270,T,ACDEFGHIKLMNPQRSVWY,19,1.99240513849078,1.98750494650323,1.0072259775782,1.06589344945426,1.99848803486136,1.99396318588405
271,R,ACDEFGHIKLMNPQSTVWY,19,1.98664208861937,1.9930359732603,1.07464318053779,1.43445171931665,1.99968440477454,1.99870320596817
272,L,ACDEFGHIKMNPQRSTVWY,19,1.60614144071307,1.98548817622208,1.15582617415851,1.2228024844889,1.99660263978948,1.97824175257742
273,N,ACDEFGHIKLMPQRSTVWY,19,1.9733464661692,1.99385799367238,1.14726298708561,1.09982860451846,1.99429361157863,1.98317466753372
274,D,ACEFGHIKLMNPQRSTVWY,19,1.99206495723018,1.99098917042939,1.06040042930647,1.11244616455447,1.99841245885627,1.99992426712285
275,R,ACDEFGHIKLMNPQSTVWY,19,1.66528517827577,1.9859460332113,1.09129974074882,1.21293667589626,1.99732974432381,1.04374341985736
276,Q,ACDEFGHIKLMNPRSTVWY,19,1.99573803526269,1.99309778442148,1.30261521853484,1.25264924911424,1.99986007892578,1.99939151443467
277,F,ACDEGHIKLMNPQRSTVWY,19,1.0641865862143,1.96790416352295,1.14079072950634,1.14560651175521,1.99561226118967,1.97524308800405
278,V,ACDEFGHIKLMNPQRSTWY,19,1.99639092358734,1.99215890479564,1.02523128946898,1.13360546586007,1.9901990560079,1.99710305824713
279,H,ACDEFGIKLMNPQRSTVWY,19,1.99766858976691,1.99617907260958,1.00227023111593,1.21783821525256,1.99974065378604,1.97339821752725
280,D,ACEFGHIKLMNPQRSTVWY,19,1.99936336095555,1.99340618019283,1.14808752114349,1.11458433575928,1.99418127553565,1.99995175077302
281,P,ACDEFGHIKLMNQRSTVWY,19,1.99873984980746,1.99115640400424,1.10573914646186,1.39028691623413,1.99884878703455,1.99275262760031
282,Q,ACDEFGHIKLMNPRSTVWY,19,1.99967940908514,1.99110304957182,1.18973846048302,1.0056721252647,1.99973548204091,1.99991656771286
283,L,ACDEFGHIKMNPQRSTVWY,19,1.9988094634517,1.9913711992024,1.1970431253395,1.17196305623646,1.98240451962362,1.9906463509472
284,G,ACDEFHIKLMNPQRSTVWY,19,1.91764876416496,1.99213176433357,1.04276118727339,1.07649046617457,1.99977241178939,1.98928413089666
285,Y,ACDEFGHIKLMNPQRSTVW,19,1.94308801703708,1.98103747219221,1.07583244470847,1.02817551170383,1.99959829763591,1.98616814039392
286,S,ACDEFGHIKLMNPQRTVWY,19,1.08789458843882,1.9354565185423,1.03299115049693,1.03510264236577,NA,NA
287,L,ACDEFGHIKMNPQRSTVWY,19,1.06517617519148,1.94070196051347,1.12938417145504,1.07291823618922,1.99833849850968,1.98534170349544
288,P,ACDEFGHIKLMNQRSTVWY,19,1.99344442105166,1.99251981786278,1.07869427576792,1.08131135838463,1.99981004099,1.979378436513
289,C,ADEFGIKLMNPQRSTVW,17,1.02762600672995,1.91693121483472,1.1308291841841,1.23233613365056,1.99800063105194,1.99883593782944
290,V,ACDEFGHIKLMNPQRSTWY,19,1.97711698717909,1.99257347397434,1.04436815712999,1.33229476537168,1.99584809537172,1.99652343397779
291,A,CDEFGHIKLMNPQRSTVWY,19,1.99701786199378,1.99166797132637,1.28064963116655,1.12810366256016,1.99875522669529,1.97369476917235
292,G,ADEFHIKLMNPQRSTVWY,18,1.99365093528292,1.99931830750733,1.16030879332579,1.14502090875055,1.99948824178933,1.9998105246433
293,C,ADEFGHIKLMNPQRSTVWY,19,1.00996760974681,1.85502653501451,1.14888214055278,1.01921230611867,1.99902951341229,1.99973039583802
294,P,ACDEFGHIKLMNQRSTVWY,19,1.99924664698859,1.99334897102602,1.0446248648184,1.01719019191352,1.9820335891139,1.99988794374887
295,N,ACDEFGHIKLMPQRSTVWY,19,1.98946005977496,1.99945385620561,1.00709643687467,1.04396932316681,1.99958769593788,1.99540642068976
296,S,ACDEFGHIKLMNPQRTVWY,19,1.24262570301545,1.98164967225042,1.01242768012153,1.01755675212549,NA,NA
297,L,ACDEFGHIKMNPQRSTVWY,19,1.99198019726857,1.9920177314067,1.12114585728955,1.02944824911708,1.99979184314604,1.98874681946771
298,I,ACDEFGHKLMNPQRSTVWY,19,1.03327619662388,1.81793733455111,1.00041891737346,1.03606527993029,1.99978140637309,1.99394692451911
299,K,ACDEFGHILMNPQRSTVWY,19,1.99323772936593,1.99299847524094,1.02343888651518,1.02770480980498,1.99966206776509,1.99383099967029
300,E,ACDFGHIKLMNPQRSTVWY,19,1.9928687567025,1.9919291817851,1.06958540033097,1.0240765909066,1.98082474015952,1.99996418094213
301,L,ACDEFGHIKMNPQRSTVWY,19,1.99875637022496,1.99532912785334,1.00069949439277,1.08118681071249,1.99475448031826,1.99995940792405
302,H,ACDEFGIKLMNPQRSTVWY,19,1.99960047521983,1.99281697426281,1.01340959944169,1.03964138222297,1.99983195327038,1.99134368304293
303,H,ACDEFGIKLMNPQRSTVWY,19,1.93472780907275,1.99070210177019,1.12267790212952,1.0473501516883,1.9996277020775,1.99993049662761
304,F,ACDEGHIKLMNPQRSTVWY,19,1.03090937429368,1.80822939095067,1.15554306402318,1.16648893273524,1.99972168966235,1.98939335658353
305,R,ACDEFGHIKLMNPQSTVWY,19,1.99950651892985,1.9906604428355,1.16259560378401,1.22073849099374,1.99970728614048,1.99785172945384
306,I,ACDEFGHKLMNPQRSTVWY,19,1.95041020469522,1.99133529807993,1.09137741169604,1.01192395510862,1.99954034346901,1.99982197897762
307,L,ACDEFGHIKMNPQRSTVWY,19,1.93939618718641,1.98600383448679,1.09873261892025,1.23854984608954,1.99362425362847,1.99439398235939
308,G,ACDEFHIKLMNPQRSTVWY,19,1.9861069239989,1.99490662739556,1.06609161573657,1.18473299201592,1.99454758534415,1.99673105745311
309,E,ACDFGHIKLMNPQRSTVWY,19,1.99954452624938,1.98988101239776,1.00688643337538,1.3565341360551,1.99862015166124,1.99590802299492
310,E,ACDFGHIKLMNPQRSTVWY,19,1.99809453341112,1.99333663670807,1.14705578833541,1.31362973725681,1.99164005817325,1.98411098464368
311,Q,ACDEFGHIKLMNPRSTVWY,19,1.99769058901901,1.98724254155316,1.31151588618017,1.16795366797266,1.99959680247071,1.9892622363218
312,Y,ACDEFGHIKLMNPQRSTVW,19,1.93231419382841,1.98965522571548,1.32745455795262,1.28733626856546,1.97356126115844,1.98480888392704
313,N,ACDEFGHIKLMPQRSTVWY,19,1.99960730241856,1.99518441180716,1.17834103406826,1.06895236555188,1.99869513673666,1.96998141491474
314,R,ACDEFGHIKLMNPQSTVWY,19,1.93787545031173,1.98238464163875,1.17085598492223,1.44182631654117,NA,NA
315,Y,ACDEFGHIKLMNPQRSTVW,19,1.96544556102515,1.98582589517463,1.02482296080514,1.30906446186901,1.99952693002709,1.99756523909016
316,Q,ACDEFGHIKLMNPRSTVWY,19,1.99936462354425,1.99501798779256,1.11421430673998,1.20137603508471,1.9995385420567,1.99994020358344
317,Q,ACDEFGHIKLMNPRSTVWY,19,1.99952816549993,1.99485039671875,1.08314944929654,1.02651606658266,1.97781197287866,1.99550235431496
318,Y,ACDEFGHIKLMNPQRSTVW,19,1.91339221933677,1.98533389806402,1.1546955038698,1.21189238609112,1.99976518640497,1.99509418025683
319,G,ACDEFHIKLMNPQRSTVWY,19,1.99805905522766,1.99092427603627,1.02060086448455,1.10014944522363,1.99940403696172,1.99942924697953
320,A,CDEFGHIKLMNPQRSTVWY,19,1.9987162001794,1.99582177339645,1.18341094510424,1.28916463518461,1.99979751041606,1.99992330964982
321,E,ACDFGHIKLMNPQRSTVWY,19,1.99916540299281,1.98648744972168,1.29982250425912,1.06715555214003,1.9997886309394,1.98066810354929
322,E,ADFGHIKLMNPQRSTVWY,18,1.99398549619964,1.98847490344081,1.1198698370522,1.15910040081875,1.99934965114099,1.99018326125024
323,C,ADEFGHIKLMNPQRSTVWY,19,1.99975918719293,1.99336549814775,1.05295170442401,1.12707947051057,1.98500610036428,1.97044243763082
324,V,ACDEFGHIKLMNPQRSTWY,19,1.99946484621679,1.99383706507016,1.0687779535809,1.01667115974324,1.84253468770076,1.63235430162332
325,L,ACDEFGHIKMNPQRSTVWY,19,1.9932519834896,1.99643481435229,1.00099702484662,1.0056280498927,1.9997494578761,1.99080697538071
326,Q,ACDEFGHIKLMNPRSTVWY,19,1.99870716560304,1.99310750555633,1.08619091250304,1.04977342674865,1.98299026491695,1.99599689051408
327,M,ACDEFGIKLNPQRSTVWY,18,1.99917406347175,1.98963735050774,1.05905829099301,1.04589241844429,NA,NA
328,G,ACDEFHIKLMNPQRSTVWY,19,1.98548728199372,1.99380729570238,1.06091923323322,1.03245797700677,1.995799278595,1.99173661450887
329,G,ACDEFHIKLMNPQRSTVWY,19,1.98457142364604,1.99750410592285,1.0118241500116,1.03128272405334,1.99872018320104,1.98775862808071
330,V,ACDEFGHIKLMNPQRSTWY,19,1.99473464447429,1.99128673563525,1.04151027416326,1.03327264434205,1.99747179953389,1.98146762681613
331,L,ACDEFGHIKMNPQRSTVY,18,1.99813347188157,1.99953512455456,1.00206419854103,1.09542573991116,1.99919562626374,1.99621969107313
332,C,ADFGHIKMNPQRSTVWY,17,1.96881311449721,1.99908518268475,1.04110905754878,1.06858865799689,1.99877910766224,1.97892390479737
333,P,ACDEFGHIKLMNQRSTVWY,19,1.95676861682159,1.99110968736371,1.02532436727536,1.03449933483423,1.99982165747996,1.98825721371528
334,R,ACDEFGHIKLMNPQSTVWY,19,1.99736484556568,1.99503911999612,1.07229219880064,1.02130502459124,NA,NA
335,P,ACDEFGHIKLMNQRSTWY,18,1.99824905062148,1.99935217505077,1.1546728386108,1.21776274151548,1.99890883610935,1.99972533379348
336,G,ACDEFHIKLMNPQRSTVWY,19,1.99748861585445,1.99205009153038,1.0697004070621,1.08619613494873,1.99606198605093,1.97423521287403
337,C,ADEFGHIKMNPQRSTVWY,18,1.96834370693124,1.99920917385148,1.52646605461012,1.64706106218099,1.99771619673716,NA
338,G,ACDEFHIKMNPRSTVWY,17,1.99914340467923,1.99330142341042,1.03688110342856,1.18911336951604,1.99564300665877,1.99885987586743
339,A,CDEFGHIKLMNPQRSTVWY,19,1.99883746589834,1.99963113439876,1.68235398654226,1.09535856664246,1.95005669723845,1.999768423097
340,G,ACDEFIKLMNPQRSTVWY,18,1.99907093336215,1.9996736692092,1.09617811841057,1.03783305829675,1.99849950749879,1.99990054505721
341,L,ACDEFGHIKMNPQRSTVWY,19,1.99809439432171,1.9938601049999,1.46269282940225,1.4235960217759,1.99869145272364,1.9893576941908
342,L,ACDEFGHIKMNPQRSTVWY,19,1.99798843250809,1.99281982271354,1.12081535531897,1.19723219421601,1.99963473338906,1.98362706826269
343,P,ACDEFGHIKLMNQRSTVWY,19,1.9992174440719,1.98890817279821,1.18205139589563,1.01186175558625,1.99943827028122,1.99979585150021
344,E,D,1,1.99573830038523,1.99901392324327,NA,NA,NA,NA
345,P,LS,2,1.99589708346077,1.99907641605284,NA,NA,NA,NA
346,D,ACEFGHIKLMNPQRSTVWY,19,1.99915234646755,1.99976935704279,1.01875267957572,1.11980546489968,1.99974803101479,1.995199059133
347,Q,ACDEFGHIKLMNPRSTVWY,19,1.99867954684591,1.99737809883375,1.31384223743606,1.08874674837067,1.99966263340085,1.99984751977863
348,R,ACDEFGHIKLMNPQSTVWY,19,1.9975962380541,1.99097522474508,1.01337227768751,1.28791362761228,1.99935972678081,1.99361690064759
349,K,ACDEFGHILMNPQRSTVWY,19,1.99540895379292,1.99671155052168,1.00089718049857,1.02988993101066,1.98312227067346,1.99013048861503
350,V,ACDEFGHIKLMNPQRSTWY,19,1.98034113065051,1.99621899564239,1.03130905598534,1.29133652059382,1.99973535745927,1.99123504714232
351,T,ACDEFGHIKLMNPQRSVWY,19,1.99872498866168,1.9876055816037,1.04319367891048,1.17974047734908,1.97349429895695,1.97594359026936
352,C,ADEFGHIKLMNPQRSTVWY,19,1.9644828653704,1.99656721501942,1.25911328234822,1.0433193903722,1.99984166420464,1.98704167476523
353,E,ACDFGHIKLMNPQRSTVWY,19,1.99971108656561,1.99498706084638,1.04351876893984,1.09276111658286,1.99967018910445,1.99992633621938
354,G,ACDEFHIKLMNPQRSTVWY,19,1.99760318199916,1.99227074776168,1.20641977698866,1.25847587704369,1.98581220518832,1.9956711697141
355,G,ACDEFHIKLMNPQRSTVWY,19,1.98348538552735,1.99311841641774,1.00546443584267,1.07202565223924,1.99640722131487,1.99512134382621
356,N,ACDEFGHIKLMPQRSTVWY,19,1.9996452518025,1.99417470643869,1.00280050561469,1.42054948115947,1.9995813878765,1.99990522287821
357,G,ACDEFHIKLMNPQRSTVWY,19,1.99954489112761,1.99736593672017,1.06728418600581,1.0174857719273,1.99078504321639,1.99417869750132
358,L,ACDEFGHIKMNPQRSTVWY,19,1.99963206600267,1.99034749956837,1.34820506316735,1.46473897812114,1.99972875988435,1.99992391842689
359,G,ACDEFHIKLMNPQRSTVWY,19,1.99868316057061,1.99397002099062,1.05581330569721,1.15337486950365,1.99957376678468,1.97729049374941
360,C,ADEFGHIKLMNPQRSTVWY,19,1.96135875641226,1.99357683549249,1.35041977337525,1.59547769227859,1.99701909914715,1.99997154931461
361,G,ACDEFHIKLMNPQRSTVWY,19,1.99495712796022,1.98777358474977,1.07584789340667,1.03474999263554,1.98076177554642,1.98153395253402
362,F,ACDEGHIKLMNPQRSTVWY,19,1.99282637925593,1.99413633873328,1.15466132773021,1.37395296095589,1.9998402010261,1.98913372057702
363,A,CDEFGHIKLMNPQRSTVWY,19,1.99722617932972,1.99547575727169,1.04809923752938,1.04289353504458,1.99975607116441,1.99228499968926
364,F,ACDEGHIKLMNPQRSTVWY,19,1.97861812656785,1.99384958778268,1.0738520914226,1.03633424140305,1.99965954990375,1.98327211391723
365,C,DEFGHIKLMNQRSVWY,16,1.95603403665741,1.99098322790966,1.03562051176792,1.03138772815167,1.99975643462925,1.99302983473467
366,R,ACDEFGHIKLMNPQSTVWY,19,1.9965503508033,1.99474138578278,1.0196559376989,1.00705735265488,1.9975948984192,1.99928587871668
367,E,ACDFGHIKLMNPQRSTVWY,19,1.9993242115604,1.99415979281569,1.05542393218455,1.07955135777486,1.99762256612477,1.98820177444114
368,C,ADEFGHIKLMNPQRSTVWY,19,1.95899963783576,1.99230293816693,1.06966761682072,1.08265846931503,1.99813620237928,1.99793958795292
369,K,ACDEFGHILMNPQRSTVWY,19,1.99950058504744,1.99612440538282,1.06047486145011,1.04105594728715,1.99959033598801,1.99769903492374
370,E,ACDFGHIKLMNPQRSTVWY,19,1.99602089222676,1.99345458720271,1.08364323990422,1.13037126789002,1.99986236141215,1.98297502885595
371,A,CDEFGHIKLMNPQRSTVWY,19,1.99962796583168,1.99280878258278,1.03409530614505,1.14156563291043,1.99979202157118,1.99624234145457
372,Y,ACDEFGHIKLMNPQRSTVW,19,1.99374770827435,1.99117626800785,1.02562041060165,1.23259678661933,1.99977256919569,1.99758158688667
373,H,ACDEFGIKLMNPQRSTVWY,19,1.95326460663047,1.99496701017687,1.01455336067997,1.09760832897614,1.99974083303278,1.99528029786408
374,E,ACDFGHIKLMNPQRSTVWY,19,1.99942948695036,1.99481350189226,1.03887485383823,1.21779913734933,1.99963988419745,1.9918150262135
375,G,ACDEFHIKLMNPQRSTVWY,19,1.99235672254866,1.99544847166008,1.33071228132351,1.42551603709663,1.96839773035646,1.99653438930648
376,E,ACDFGHIKLMNPQRSTVWY,19,1.99923849505362,1.99344871125971,1.30939224149802,1.51483069461186,1.99977124177862,1.99065985667597
377,C,ADEFGHIKLMNPQRSTVWY,19,1.96254174250857,1.99033242088952,1.21101669297375,1.15057432581823,1.99838044640226,1.98319715291139
378,S,ACDEFGHIKLMNPQRTVWY,19,1.99958089336073,1.9955262286992,1.06760293663726,1.69701793367086,NA,NA
379,A,CDEFGHIKLMNPQRSTVWY,19,1.99735044484551,1.99599517310949,1.14783671321196,1.39151468661971,1.99951241390472,1.99462824934245
380,V,ACDEFGHIKLMNPQRSTWY,19,1.9995312190385,1.98749937466816,1.03677448140464,1.10963300780355,1.97018356562506,1.92143227384998
381,F,ACDEGHIKLMNPQRSTVWY,19,1.99952393038306,1.9992062700838,1.06539157796028,1.20869295836065,1.99976325121728,1.99836860344909
382,E,ACDFGHIKLMNPQRSTVWY,19,1.99958305330639,1.987888454372,1.06498331509441,1.08115947634531,1.98944435510377,1.9708862191682
383,A,CDEFGHIKLMNPQRSTVWY,19,1.99963278587951,1.99540606251323,1.07781903416627,1.34285231837039,1.99436535952544,1.98906829550195
384,S,ACDEFGHIKLMNPQRTVWY,19,1.99686055433326,1.99179586927225,1.00822634481788,1.3925678878738,NA,NA
385,G,ACDEFHIKLMNPQRSTVWY,19,1.99905938371802,1.99458452742547,1.12484704918447,1.00989210610185,1.98821454781566,1.98768404491974
386,T,ACDEFGHIKLMNPQRSVWY,19,1.99843725067518,1.99361387306759,1.10598292837589,1.37383515583534,1.99507608443614,1.98994563043671
387,T,ACDEFGHIKLMNPQRSVWY,19,1.99954351743998,1.99209971381178,1.00988982112371,1.27622712355118,1.99958832161413,1.99981807712141
388,T,ACDEFGHIKLMNPQRSVWY,19,1.99967649129454,1.9921724051425,1.18900509712448,1.42160165826978,1.99979377830171,1.99700992174711
389,Q,ACDEFGHIKLMNPRSTVWY,19,1.99782843463243,1.99132005144874,1.21981431543778,1.63163326539318,1.9997429162127,1.998061933727
390,A,CDEFGHIKLMNPQRSTVWY,19,1.99818326496901,1.98816133294138,1.0480398295518,1.90881410728781,1.98919289480935,1.99868485370176
391,Y,ACDEFGHIKLMNPQRSTVW,19,1.99794688128573,1.986846145075,1.0099643607661,1.09486981161224,1.99961556066571,1.9999262820012
392,R,ACDEFGHIKLMNPQSTVWY,19,1.99963453621815,1.98996185367621,1.06415430892139,1.03904056405949,1.99942979214226,1.99979065561732
393,V,ACDEFGHIKLMNPQRSTWY,19,1.99356911274548,1.99123137701497,1.03642217518412,1.20331027624939,1.99963285768076,1.99517402179191
394,D,ACEFGHIKLMNPQRSTVWY,19,1.99641223970045,1.99380456605708,1.02063313698351,1.29412430208711,1.99388100550167,1.96389113349408
395,E,ACDFGHIKLMNPQRSTVWY,19,1.99969465580011,1.99236345941145,1.0963387958712,1.83541741725491,1.99199521832455,1.99139039519811
396,R,ACDEFGHIKLMNPQSTVWY,19,1.99910357170206,1.99156351845436,1.1237948974329,1.54469382911532,1.99980765344627,1.98948378917513
397,A,CDEFGHIKLMNPQRSTVWY,19,1.99603911661982,1.98848785271663,1.11420563762122,1.53405205307345,1.9996510152583,1.97367653174576
398,A,CDEFGHIKLMNPQRSTVWY,19,1.99687380882191,1.99072892621692,1.04043905447722,1.8139708790653,1.99748388994615,1.998993779269
399,E,ACDFGHIKLMNPQRSTVWY,19,1.99965161083922,1.99621296958186,1.05918266652052,1.52234435591294,1.99545668391506,1.99111182251769
400,Q,ACDEFGHIKLMNPRSTVWY,19,1.9996601421027,1.99380789700926,1.13097896384798,1.86961081680325,1.99821834605952,1.98521773779022
401,A,CDEFGHIKLMNPQRSTVWY,19,1.89074674891893,1.98386216672692,1.03518819808747,1.40938485086193,1.98856029146838,1.99314177314725
402,R,ACDEFGHIKLMNPQSTVWY,19,1.99151178324663,1.99018010145017,1.02426363261399,1.79642912052503,1.99977746435868,1.99191064735195
403,W,ACDEFGHIKLMNPQRSTVY,19,1.9275435902586,1.98826060509552,1.06867134228899,1.43594808391842,NA,NA
404,E,ACDFGHIKLMNPQRSTVWY,19,1.9996915752767,1.99253419308017,1.11707162319604,1.94402831016119,1.99061021221933,1.97957557121004
405,A,CDEFGHIKLMNPQRSTVWY,19,1.99973938597126,1.99102500871571,1.33316288768229,1.88625018258055,1.99984256885031,1.99439229925109
406,A,CDEFGHIKLMNPQRSTVWY,19,1.99762691035959,1.98914929091352,1.16134139955389,1.98266725351041,1.99218523074579,1.99991597774917
407,S,ACDEFGHIKLMNPQRTVWY,19,1.99968203856396,1.98831387274809,1.08383423935404,1.93615337754525,NA,NA
408,K,ACDEFGHILMNPQRSTVWY,19,1.99976043645328,1.99179777943181,1.23482153651353,1.77319931907271,1.96520495192305,1.99526899730851
409,E,ACDFGHIKLMNPQRSTVWY,19,1.99828066033407,1.99070875856515,1.159766245367,1.95159903073294,1.9998593515802,1.99242250824978
410,T,ACDEFGHIKLMNPQRSVWY,19,1.99972852655718,1.98806257561958,1.27202372776192,1.98164001875244,1.99977719382461,1.99347422515796
411,I,ACDEFGHKLMNPQRSTVWY,19,1.99965583457434,1.99410042241669,1.37332412075641,1.76037821804647,1.99779455414021,1.99589825875289
412,K,ACDEFGHILMNPQRSTVWY,19,1.99850966418678,1.99205138322265,1.10005326728868,1.9775071166826,1.99979434766187,1.98334065428312
413,K,ACDEFGHILMNPQRSTVWY,19,1.99960804064655,1.98946835825763,1.39422751948297,1.29614522192359,1.9922813075412,1.99365583608144
414,T,ACDEFGHIKLMNPQRSVWY,19,1.99732809789325,1.99491702641868,1.41817902077079,1.9146259180074,1.99590711868542,1.97976996907969
415,T,ACDEFGHIKLMNPQRSVWY,19,1.99938752037305,1.99488534385235,1.44939854594344,1.99171811177038,1.99858561541792,1.99670819249635
416,K,ACDEFGHILMNPQRSTVWY,19,1.99936494425121,1.99249560133913,1.25823487117694,1.95758002979076,1.99141728591593,1.99669795464372
417,P,ACDEFGHIKLMNQRSTVWY,19,1.99881120972458,1.99387795634101,1.28416225727815,1.97455833531049,1.9997962431349,1.98868697789248
418,C,ADEFGHIKLMNPQRSTVWY,19,1.02014852560997,1.57784868757571,1.24502322007806,1.98706422372987,1.9997843924691,1.98840320753963
419,P,ACDEFGHIKLMNQRSTVWY,19,1.93655661026838,1.98900483315675,1.15219002287804,1.98825588260845,1.99977950567462,1.99992871957542
420,R,ACDEFGHIKLMNPQSTVWY,19,1.99802836428289,1.99100775844288,1.1260876036309,1.95681520591045,1.96937975684274,1.91789368887635
421,C,ADEFGHIKLMNPQRSTVWY,19,1.03138209677912,1.83209742559023,1.21192409150858,1.94620134564201,1.97647358692152,1.99286518698583
422,H,ACDEFGIKLMNPQRSTVWY,19,1.99685962390586,1.98896685618246,1.0740194146997,1.83719812754993,1.98302396114899,1.9472265547951
423,V,ACDEFGHIKLMNPQRSTWY,19,1.99912577571469,1.99309771580263,1.06161263544795,1.14478305312086,1.99981445379003,1.97585034600468
424,P,ACDEFGHIKLMNQRSTVWY,19,1.99795075072492,1.99321571708629,1.01382918877292,1.61834651091095,1.99947500288831,1.98430277287037
425,V,ACDEFGHIKLMNPQRSTWY,19,1.99968168514858,1.99890424820214,1.02175215329482,1.41223006689848,1.99962193427302,1.98559048112531
426,E,ACDFGHIKLMNPQRSTVWY,19,1.99676979831331,1.99329259804131,1.02647470764735,1.60327648336819,1.99970674239521,1.98555207883705
427,K,ACDEFGHILMNPQRSTVWY,19,1.99745734971721,1.9948064520401,1.05801474124782,1.94977616280781,1.99975312710953,1.9890444221751
428,N,ACDEFGHIKLMPQRSTVWY,19,1.99733106194759,1.99222814886885,1.05182928468043,1.9707084341211,1.99988501095429,1.98414343411496
429,G,ACDEFHIKLMNPQRSTVWY,19,1.99687904873885,1.98328821154582,1.04124786065557,1.93612888742708,1.99959302966661,1.9805742229045
430,G,ACDEFHIKLMNPQRSTVWY,19,1.9918927816114,1.99480633761021,1.049104967919,1.95126022355924,1.99388999986342,1.99995860705389
431,C,ADEFGHIKLMNPQRSTVWY,19,1.99273080852676,1.99360075615299,1.09507992870495,1.96424626383917,1.98211018614987,1.99232241008365
432,M,ACDEFGHIKLNPQRSTVWY,19,1.99438075370148,1.99479418882315,1.07454123446124,1.94318293320173,NA,NA
433,H,ACDEFGIKLMNPQRSTVWY,19,1.99456319123742,1.99070538102911,1.01890121737535,1.91891581133546,NA,NA
434,M,ACDEFGHIKLNPQRSTVWY,19,1.98892568563814,1.98937334131516,1.15109418460725,1.97036390527647,NA,NA
435,K,ACDEFGHILMNPQRSTVWY,19,1.99950003481526,1.98984533178416,1.0096911459595,1.91946070314353,1.99382965214229,1.99996555318194
436,C,ADEFGHIKLMNPQRSTVWY,19,1.03099134827516,1.5506628323956,1.12618405818058,1.97623693220123,1.9996421291118,1.98417864387347
437,P,ACDEFGHIKLNQRSTVWY,18,1.99946041513017,1.99402530481091,1.03891014703035,1.92908789864432,1.99945033776024,1.99618143294426
438,Q,ACDEFGHIKLMNPRSTVWY,19,1.99940822455739,1.99203265198278,1.16289790401416,1.96359142445831,1.98072419977659,1.99592595892259
439,P,ACDEFGHIKLMNQRSTVWY,19,1.99799832709649,1.99595731126755,1.06929655666951,1.93203629172507,1.99976675846419,1.97393271593808
440,Q,ACDEFGHIKLMNPRSTVWY,19,1.99952734185455,1.99097958278336,1.07368485236484,1.96921616990917,1.99965923286108,1.99470535331248
441,C,ADEFGHIKLMNPQRSTVWY,19,1.03409407714721,1.76130292668538,1.09730637740262,1.96591775249697,1.98789432926619,1.95653352901448
442,R,ACDEFGIKLMNQSTVWY,17,1.99849779295411,1.99931793386813,1.00135770726337,1.71631450569687,1.99862923731351,1.99925008207149
443,L,ACDEFGHIKMNPQRSTVWY,19,1.99929518528477,1.99700559769784,1.00062348660546,1.79992521927327,1.99954558555423,1.99878003708011
444,E,ACDFGHIKLMNPQRSTVWY,19,1.98831446541482,1.99673084619066,1.56828979736637,1.97556875961277,1.99743728581035,1.98828610623586
445,W,ACDEFGHIKLMNPQRSTVY,19,1.81475755658864,1.97541775640781,1.01210954179236,1.28945179872301,NA,NA
446,C,ADEFGHIKLMNPQRSTVWY,19,1.02400588031966,1.55712730487663,1.05768941057316,1.85714907510312,1.99980617929351,1.99252818980875
447,W,ACDEFGHIKLMNPQRSTVY,19,1.99078469461048,1.99316063567874,1.0847308768577,1.5022553792634,NA,NA
448,N,ACDEFGHIKLMPQRSTVWY,19,1.99967252344051,1.99324215939171,1.01091064368991,1.25020229712839,1.98990253921674,1.99592595756854
449,C,ADEFGHIKLMNPQRSTVWY,19,1.03331544435785,1.54042568460171,1.02565323194721,1.38686843823074,1.99971395654519,1.99300826401304
450,G,ACDEFHIKLMNPQRSTVWY,19,1.99889108421051,1.98980181919244,1.00041970645927,1.50436238405516,1.99910824594891,1.99310923148574
451,C,ADEFGHIKLMNPQRSTVWY,19,1.999654201468,1.99463472274718,1.08600259427531,1.65656076398245,1.99172684164649,1.98289836379848
452,E,ACDFGHIKLMNPQRSTVWY,19,1.99766781263764,1.99132915428332,1.03081351594905,1.9049891829364,1.99983809938659,1.99340031359148
453,W,ACDEFGHIKLMNPQRSTVY,19,1.21578685281097,1.97382639170447,1.00799753747345,1.859050964561,NA,NA
454,N,ACDEFGHIKLMPQRSTVWY,19,1.9495522054362,1.99150301055022,1.0005367720862,1.97499448112956,1.98785971167484,1.98407221623771
455,R,ACDEFGHIKLMNPQSTVWY,19,1.99973808974823,1.99234865096232,1.02209117363991,1.94070163962147,1.99972896013531,1.99392957585153
456,V,ACDEFGHIKLMNPQRSTWY,19,1.99976408893969,1.9950341764005,1.01290070652139,1.94825235107174,1.99810611345564,1.99995415652935
457,C,ADEFGHIKLMNPQRSTVWY,19,1.02764579632313,1.88643041859572,1.05127472033271,1.90759574809784,1.99981775521354,1.98422415429185
458,M,ACDEFGHIKLNPQRSTVWY,19,1.99123127515323,1.99464165076913,1.0744079568698,1.86019822669053,NA,NA
459,G,ACDEFHIKLMNPQRSTVWY,19,1.99966030130712,1.99392009265754,1.07363050142671,1.83607533766716,1.99705856890903,1.98160827897754
460,D,ACEFGHIKLMNPQRSTVWY,19,1.99781993069301,1.99139387051359,1.00162871411085,1.78188384287117,1.98953724052492,1.99995208944904
461,H,ACDEFGIKLMNPQRSTVWY,19,1.03115411965418,1.83777437018285,1.00145625587692,1.84604495560817,1.99958069815095,1.99179679750336
462,W,ACDEFGHIKLMNPQRSTVY,19,1.97058047504466,1.98924596199694,1.05581979641691,1.95854718805597,NA,NA
463,F,ACDEGHIKLMNPQRSTVWY,19,1.03969124185993,1.93600235147328,1.02446303688432,1.81683723974124,1.99646374465091,1.96569157061137
464,D,ACEFGHIKLMNPQRSTVWY,19,1.99971393344712,1.99265233876193,1.99332272013832,1.99391419322656,1.99983325529068,1.99736175569454
465,V,ACDEFGHIKLMNPQRSTWY,19,1.99974373433604,1.99190384294068,1.99979924676839,1.9921372283045,1.99985681244715,1.98924492636135
